n,seed,T,kernel,family,gap,C_kT,C_far
8,1,1.0,uniform,naive,0.010608365086459015,0.017044894329971444,0.011306264010220769
8,1,1.0,single-flip,local,0.0008992982314054432,0.09555712262645283,0.0
8,1,1.0,add-delete-swap,local,0.004186926030338101,0.07071149520521224,0.0
8,1,1.0,quench,quench,0.07667288747286072,0.1626330404810593,0.0898371590211246
8,1,1.0,"demon(L=4,Td=1)",local,0.0036871981980480806,0.1464316614094568,0.005138807081705702
8,1,1.0,"demon(L=4,Td=8)",local,0.01271849150570703,0.10658133277126922,0.01801252864427364
8,1,1.0,"dlp(t=.5,a=3)",informed,0.001365139720668762,0.1602988127161482,0.0048865508960963784
8,1,1.0,"dlp(t=.05,a=3)",informed,0.011029470643497352,0.027968398028112906,0.010985105759342136
8,1,1.0,"dlp(t=0,a=3)",naive,0.011079477757521161,0.019837181252361318,0.01131229466550876
8,1,1.0,"softspin(c=.1,a=30)",informed,0.010048227531924026,0.03318955596362742,0.010068397023394744
8,1,1.0,"softspin(c=1,a=30)",informed,0.00026752550000552766,0.14902075611483523,0.00035605864849725733
8,1,1.0,shell(eps=2),oracle,0.0372206272478931,1.0000000000000004,0.7027714799972848
8,1,1.0,shell(eps=3),oracle,0.06288771716096231,0.4144199043729473,0.2754039339530744
8,1,1.0,shell(eps=4),oracle,0.0720967088584955,0.2668370105548524,0.18023000681110335
8,1,0.3,uniform,naive,0.007303485057739367,0.003915048484701848,0.006028766216160035
8,1,0.3,single-flip,local,7.609799457242161e-10,8.229377814609039e-05,0.0
8,1,0.3,add-delete-swap,local,1.2230724466100185e-05,0.00012630004291299798,0.0
8,1,0.3,quench,quench,0.08461950199268153,0.07648430493848288,0.08939988114555075
8,1,0.3,"demon(L=4,Td=1)",local,3.3882078254166004e-09,0.00031626715645628983,1.5102012677645804e-06
8,1,0.3,"demon(L=4,Td=8)",local,6.511458794922209e-05,0.0006682782478063979,0.0015840893676649815
8,1,0.3,"dlp(t=.5,a=3)",informed,3.333588960430234e-11,0.000734964836141588,1.0090804788535022e-07
8,1,0.3,"dlp(t=.05,a=3)",informed,0.001754920768467394,0.0011272315403438014,0.0023351555888205576
8,1,0.3,"dlp(t=0,a=3)",naive,0.007110829116920847,0.00381503192409319,0.006234170952950029
8,1,0.3,"softspin(c=.1,a=30)",informed,0.004476826595446237,0.002492901385286537,0.004621854949112005
8,1,0.3,"softspin(c=1,a=30)",informed,2.269379140162897e-08,0.00040929180793667996,1.511549179014787e-07
8,1,0.3,shell(eps=2),oracle,0.10587471735321452,0.49896643968957666,0.7671777528344239
8,1,0.3,shell(eps=3),oracle,0.14780712567148602,0.16658372785684383,0.25638493660867306
8,1,0.3,shell(eps=4),oracle,0.1086644757643056,0.11101314116243824,0.17079585821190657
8,1,0.1,uniform,naive,0.006415743857144052,0.0039062496834312175,0.006284585777536339
8,1,0.1,single-flip,local,1.6653345369377348e-15,3.735142722318755e-11,0.0
8,1,0.1,add-delete-swap,local,1.425748408223626e-12,2.8074562990963485e-11,0.0
8,1,0.1,quench,quench,0.08947684127166966,0.07631670965089785,0.09127776275514363
8,1,0.1,"demon(L=4,Td=1)",local,1.7763568394002505e-15,4.6140350866799575e-11,8.454871689600491e-16
8,1,0.1,"demon(L=4,Td=8)",local,1.0680678563801393e-11,6.911611722215082e-11,2.6295629350274685e-06
8,1,0.1,"dlp(t=.5,a=3)",informed,0.0,1.9776823079941826e-12,1.2795545328007985e-20
8,1,0.1,"dlp(t=.05,a=3)",informed,3.8805047679613125e-06,2.521396389515733e-06,2.3014816873733996e-05
8,1,0.1,"dlp(t=0,a=3)",naive,0.006240181647315435,0.003799357854104518,0.006532145110028297
8,1,0.1,"softspin(c=.1,a=30)",informed,0.003908128717507786,0.0024313408557121888,0.004889906578210565
8,1,0.1,"softspin(c=1,a=30)",informed,1.3258949493888394e-10,1.9754069619002325e-10,6.36278516386614e-09
8,1,0.1,shell(eps=2),oracle,0.14023141206231793,0.4999999593329636,0.8044268877684876
8,1,0.1,shell(eps=3),oracle,0.19359487667407016,0.16666665312073664,0.2681423128574567
8,1,0.1,shell(eps=4),oracle,0.11749583904217886,0.11111110208050738,0.178761538193757
8,2,1.0,uniform,naive,0.005017704249100974,0.006879608038641385,0.0029834961829326126
8,2,1.0,single-flip,local,0.005851486029936903,0.04248898593987492,0.0
8,2,1.0,add-delete-swap,local,0.01973438172277442,0.040440973763588274,0.0
8,2,1.0,quench,quench,0.05445929208517086,0.06092339532180293,0.01901447179538437
8,2,1.0,"demon(L=4,Td=1)",local,0.022302315394612027,0.09055305036248931,0.0016879947370990727
8,2,1.0,"demon(L=4,Td=8)",local,0.016607591238031016,0.07240865730013057,0.0030812191342543716
8,2,1.0,"dlp(t=.5,a=3)",informed,0.00738905845704152,0.07129536256896532,0.003690404152292242
8,2,1.0,"dlp(t=.05,a=3)",informed,0.017861358714386766,0.01562530016384844,0.004131810185007348
8,2,1.0,"dlp(t=0,a=3)",naive,0.007362457077894735,0.008642623162146947,0.0030270767893825047
8,2,1.0,"softspin(c=.1,a=30)",informed,0.022772256866401164,0.0209221722633912,0.004744621646231293
8,2,1.0,"softspin(c=1,a=30)",informed,0.003090500182321043,0.06932284108034346,0.0004200831047710003
8,2,1.0,shell(eps=2),oracle,0.0,0.22150652846899274,0.07931456098878498
8,2,1.0,shell(eps=3),oracle,0.0,0.13621914776283356,0.0489529677487554
8,2,1.0,shell(eps=4),oracle,0.0,0.09253670750529099,0.03344323202641196
8,2,0.3,uniform,naive,0.0039085676501879885,3.93144002228175e-07,2.9030362348640087e-06
8,2,0.3,single-flip,local,4.232054797381757e-06,1.5904037450450948e-09,0.0
8,2,0.3,add-delete-swap,local,0.0060135416681054155,4.491726129236009e-08,0.0
8,2,0.3,quench,quench,0.06148783210304887,3.589152821902244e-06,3.515169323191016e-05
8,2,0.3,"demon(L=4,Td=1)",local,1.8399204726460283e-05,8.676459564278733e-08,5.266476046330168e-10
8,2,0.3,"demon(L=4,Td=8)",local,6.360347627920593e-05,2.8764077911692286e-07,4.5747789851611984e-08
8,2,0.3,"dlp(t=.5,a=3)",informed,1.0044490258431793e-06,1.8691170302480795e-08,1.0126352251905442e-08
8,2,0.3,"dlp(t=.05,a=3)",informed,0.030704070787564763,1.8770062077262358e-06,4.934286948112146e-06
8,2,0.3,"dlp(t=0,a=3)",naive,0.006177276298888312,4.5310055685080204e-07,2.932402753940765e-06
8,2,0.3,"softspin(c=.1,a=30)",informed,0.022454809659175345,1.157720085266047e-06,4.53711452185902e-06
8,2,0.3,"softspin(c=1,a=30)",informed,0.00013987659750747117,1.416718277040026e-07,1.3506819153674258e-07
8,2,0.3,shell(eps=2),oracle,0.0,1.4077311802886578e-05,0.00015899536303635073
8,2,0.3,shell(eps=3),oracle,0.0,1.0261990251127017e-05,8.729003790884106e-05
8,2,0.3,shell(eps=4),oracle,0.0,6.5353852096957446e-06,6.133788979605881e-05
8,2,0.1,uniform,naive,0.003906250000479616,8.008174541529003e-16,4.824271657303451e-13
8,2,0.1,single-flip,local,5.88418203051333e-15,1.0602460597034572e-31,0.0
8,2,0.1,add-delete-swap,local,5.25027891727925e-05,6.107138146600201e-32,0.0
8,2,0.1,quench,quench,0.06487496757752076,7.51907414569446e-15,6.721985089251679e-12
8,2,0.1,"demon(L=4,Td=1)",local,5.440092820663267e-14,1.475530860427651e-31,3.68429896707703e-27
8,2,0.1,"demon(L=4,Td=8)",local,1.0735856648125264e-11,5.498426705819368e-28,3.0424111522040353e-21
8,2,0.1,"dlp(t=.5,a=3)",informed,1.5543122344752192e-15,7.655516572497707e-25,1.086545226423441e-24
8,2,0.1,"dlp(t=.05,a=3)",informed,0.0046054283394790785,2.3831573587773862e-15,1.3445101317851292e-14
8,2,0.1,"dlp(t=0,a=3)",naive,0.006263016553237466,9.20165600084197e-16,4.69483210538281e-13
8,2,0.1,"softspin(c=.1,a=30)",informed,0.022868214296850486,2.390726400477899e-15,5.456185387253402e-13
8,2,0.1,"softspin(c=1,a=30)",informed,0.0001372917147879349,1.6280299443279141e-16,3.210741100559961e-16
8,2,0.1,shell(eps=2),oracle,0.0,2.9287020562073676e-14,3.081853475489865e-11
8,2,0.1,shell(eps=3),oracle,1.1102230246251565e-16,2.1443873197368264e-14,1.54263008289453e-11
8,2,0.1,shell(eps=4),oracle,1.5543122344752192e-15,1.3667272873168629e-14,1.1214543182698422e-11
8,3,1.0,uniform,naive,0.008208527592863835,0.01735743926441416,0.009785355689807842
8,3,1.0,single-flip,local,0.0008102124853234249,0.11136836342702093,0.0
8,3,1.0,add-delete-swap,local,0.0008119434027643591,0.07286101751973782,0.0
8,3,1.0,quench,quench,0.08006006603544036,0.22496043006063793,0.12308905302231232
8,3,1.0,"demon(L=4,Td=1)",local,0.0035946496615375523,0.16484732036709515,0.004520606249473216
8,3,1.0,"demon(L=4,Td=8)",local,0.007030154349253359,0.15793798040260318,0.011162756408040268
8,3,1.0,"dlp(t=.5,a=3)",informed,0.0010639046310042533,0.19450863586056263,0.0041600831397959285
8,3,1.0,"dlp(t=.05,a=3)",informed,0.00989379581279759,0.0403957850021267,0.012260807915455266
8,3,1.0,"dlp(t=0,a=3)",naive,0.010081585972857132,0.020590171188591234,0.009454874802795499
8,3,1.0,"softspin(c=.1,a=30)",informed,0.006426362013249531,0.059689230228393744,0.01516450098242857
8,3,1.0,"softspin(c=1,a=30)",informed,0.00019012942078033834,0.15504884062861457,0.00032693766547906385
8,3,1.0,shell(eps=2),oracle,0.05906535543463498,0.9999999999999999,0.5251719662667025
8,3,1.0,shell(eps=3),oracle,0.0888315045424184,0.574214796596427,0.30393461951066014
8,3,1.0,shell(eps=4),oracle,0.10260775691069468,0.3387907302114488,0.18146829941438503
8,3,0.3,uniform,naive,0.004437751399991474,2.4008992848226034e-06,0.00439956485008793
8,3,0.3,single-flip,local,2.7116539569327358e-08,2.5631240629865777e-06,0.0
8,3,0.3,add-delete-swap,local,2.7286744308518962e-08,1.8122619749055277e-06,0.0
8,3,0.3,quench,quench,0.06905591197628747,2.4372404887612705e-05,0.11509892584429449
8,3,0.3,"demon(L=4,Td=1)",local,1.2125787485217643e-07,6.649213340922526e-06,1.5272385427819528e-07
8,3,0.3,"demon(L=4,Td=8)",local,1.8507976414117167e-05,7.874175109098425e-06,7.727615699325466e-05
8,3,0.3,"dlp(t=.5,a=3)",informed,9.039944348643303e-10,8.259211583914258e-06,9.091123164978475e-08
8,3,0.3,"dlp(t=.05,a=3)",informed,0.0002762175167855263,1.1499731802972815e-05,0.008120410999906588
8,3,0.3,"dlp(t=0,a=3)",naive,0.005135717517733673,2.7276492117060005e-06,0.004952728807850486
8,3,0.3,"softspin(c=.1,a=30)",informed,0.002409941641208335,7.863025475727245e-06,0.010158314154567754
8,3,0.3,"softspin(c=1,a=30)",informed,1.7062709356530092e-08,9.041380688345546e-06,1.8100999575600114e-06
8,3,0.3,shell(eps=2),oracle,0.18623025467504817,6.928239079022805e-05,0.5000825177264377
8,3,0.3,shell(eps=3),oracle,0.16557724299969534,4.482568909967734e-05,0.2597486662387969
8,3,0.3,shell(eps=4),oracle,0.10177721215979507,3.576770620161106e-05,0.1320371546088617
8,3,0.1,uniform,naive,0.003914882089992022,1.138868339009476e-19,0.003914863603846808
8,3,0.1,single-flip,local,0.0,1.1073655699608836e-18,0.0
8,3,0.1,add-delete-swap,local,0.0,6.142277433077919e-19,0.0
8,3,0.1,quench,quench,0.06320639640077708,6.945749746729356e-19,0.10870343023989923
8,3,0.1,"demon(L=4,Td=1)",local,0.0,2.9004819188326476e-19,3.227837240007076e-20
8,3,0.1,"demon(L=4,Td=8)",local,4.975242440252714e-12,6.809761988350402e-19,5.759947470516943e-11
8,3,0.1,"dlp(t=.5,a=3)",informed,1.5543122344752192e-15,6.774459955476049e-20,8.613407474907656e-21
8,3,0.1,"dlp(t=.05,a=3)",informed,3.6673414305354868e-09,8.255480083072055e-19,0.0003464606887950207
8,3,0.1,"dlp(t=0,a=3)",naive,0.004498375687818856,1.3289601466866408e-19,0.004496788757158564
8,3,0.1,"softspin(c=.1,a=30)",informed,0.0017439162722812096,2.9541525711733473e-19,0.009173770577719625
8,3,0.1,"softspin(c=1,a=30)",informed,1.9906298831529057e-13,2.561067742670567e-18,8.968069913660446e-07
8,3,0.1,shell(eps=2),oracle,0.24332977545163637,2.4291565985334855e-18,0.5000000000170084
8,3,0.1,shell(eps=3),oracle,0.16700549825152022,1.4572866219709256e-18,0.25018373674800687
8,3,0.1,shell(eps=4),oracle,0.09110827812542943,1.0066984507983986e-18,0.12512528537698867
10,1,1.0,uniform,naive,0.0033765356429407145,0.012104537039869741,0.009804758070644296
10,1,1.0,single-flip,local,0.0009975439571643374,0.10228696316040455,0.0
10,1,1.0,add-delete-swap,local,0.0011467533569651245,0.08158129651109283,0.0
10,1,1.0,quench,quench,0.04704888423377784,0.15475913931580396,0.08549354484183276
10,1,1.0,"demon(L=4,Td=1)",local,0.004624111757193017,0.17546844448264454,0.005604529957649804
10,1,1.0,"demon(L=4,Td=8)",local,0.0031934001613801444,0.1268973485492814,0.014685970752365145
10,1,1.0,"dlp(t=.5,a=3)",informed,0.0012743100011756159,0.1892958098788302,0.01050684017959937
10,1,1.0,"dlp(t=.05,a=3)",informed,0.0026279157033808342,0.01964825310530641,0.008706929340950284
10,1,1.0,"dlp(t=0,a=3)",naive,0.0029685654759196156,0.012791755572419874,0.008840809419964828
10,1,1.0,"softspin(c=.1,a=30)",informed,0.002549144407547721,0.026947582692341904,0.009013509861532583
10,1,1.0,"softspin(c=1,a=30)",informed,0.0004352636418578637,0.19221464707590724,0.001507233803650075
10,1,1.0,shell(eps=2),oracle,0.02599395366031587,0.9999999999999999,0.7745234034422332
10,1,1.0,shell(eps=3),oracle,0.03827741900014847,0.6353450102432181,0.4958457008842977
10,1,1.0,shell(eps=4),oracle,0.04299911405520551,0.3555733863448612,0.2760375543174338
10,1,0.3,uniform,naive,0.0015955430200679244,0.0010442903915539874,0.003714663642454664
10,1,0.3,single-flip,local,1.3600185644335738e-08,0.001343821941782074,0.0
10,1,0.3,add-delete-swap,local,1.2422892936569951e-08,0.0008043306425712925,0.0
10,1,0.3,quench,quench,0.03437283658774992,0.03214478292333816,0.06797454181093429
10,1,0.3,"demon(L=4,Td=1)",local,5.797802704599064e-08,0.0032073931069426663,3.417028893508743e-08
10,1,0.3,"demon(L=4,Td=8)",local,6.472494673559481e-08,0.002861042838657463,2.0947121958530366e-05
10,1,0.3,"dlp(t=.5,a=3)",informed,9.474268036768763e-10,0.002459632397394204,1.444324006583499e-07
10,1,0.3,"dlp(t=.05,a=3)",informed,7.595311759733825e-05,0.00045870771020182133,0.0006677890087280113
10,1,0.3,"dlp(t=0,a=3)",naive,0.0011174793124383298,0.0007384079885780903,0.0030811448955788364
10,1,0.3,"softspin(c=.1,a=30)",informed,0.0004970247022635377,0.00045030346239544896,0.0018103690644211538
10,1,0.3,"softspin(c=1,a=30)",informed,9.412923884788427e-09,0.0040556720244118985,1.2456808957622493e-07
10,1,0.3,shell(eps=2),oracle,0.07691645944193115,0.20733859107342917,0.747783454368384
10,1,0.3,shell(eps=3),oracle,0.08898446926562165,0.1456522171757963,0.5296861687679539
10,1,0.3,shell(eps=4),oracle,0.06969254365019373,0.08173437727377283,0.29568990365290615
10,1,0.1,uniform,naive,0.0011642742777207005,0.0009765421042208027,0.0032446195064326703
10,1,0.1,single-flip,local,2.3314683517128287e-15,2.884665276207519e-07,0.0
10,1,0.1,add-delete-swap,local,0.0,1.5002554828421462e-07,0.0
10,1,0.1,quench,quench,0.030611067682257076,0.03178423923518075,0.05803155555248102
10,1,0.1,"demon(L=4,Td=1)",local,0.0,2.481457728186888e-07,1.886817377164312e-22
10,1,0.1,"demon(L=4,Td=8)",local,5.773159728050814e-15,7.498600225331386e-07,1.1274540043217752e-12
10,1,0.1,"dlp(t=.5,a=3)",informed,0.0,2.4625103058151295e-07,1.4159948396771051e-21
10,1,0.1,"dlp(t=.05,a=3)",informed,1.7954789877094868e-09,3.3645685753360706e-07,6.706057358936724e-07
10,1,0.1,"dlp(t=0,a=3)",naive,0.0008057639833402019,0.000675874607920976,0.002683095125388379
10,1,0.1,"softspin(c=.1,a=30)",informed,0.00035803381933130485,0.0003073662877139163,0.0014255879984848233
10,1,0.1,"softspin(c=1,a=30)",informed,0.0,9.10384659016032e-07,2.281905923311401e-11
10,1,0.1,shell(eps=2),oracle,0.1099677310482785,0.19999561490145576,0.6644889463232723
10,1,0.1,shell(eps=3),oracle,0.11812695509016158,0.14285391110489962,0.4746318820702731
10,1,0.1,shell(eps=4),oracle,0.07112891379410324,0.08229808105277982,0.27169988679610385
10,2,1.0,uniform,naive,0.002121865913784715,0.005260770143337435,0.0022086506297224976
10,2,1.0,single-flip,local,0.006267801439602039,0.21177629515405386,0.0
10,2,1.0,add-delete-swap,local,0.0055637784602626805,0.13685295953290358,0.0
10,2,1.0,quench,quench,0.06049079665435553,0.16975005776432958,0.03228438146863406
10,2,1.0,"demon(L=4,Td=1)",local,0.022817650307129456,0.36475076675230594,0.003402676001992661
10,2,1.0,"demon(L=4,Td=8)",local,0.033372829152496175,0.26733258405490995,0.006983854921727832
10,2,1.0,"dlp(t=.5,a=3)",informed,0.010995095980070313,0.35887905856504576,0.008190891672165091
10,2,1.0,"dlp(t=.05,a=3)",informed,0.012014663373578816,0.022500895614288686,0.004209058996704518
10,2,1.0,"dlp(t=0,a=3)",naive,0.0036716298504635425,0.007961060630056017,0.0025031811694406006
10,2,1.0,"softspin(c=.1,a=30)",informed,0.017033189387983816,0.0370890020657359,0.00491003970109318
10,2,1.0,"softspin(c=1,a=30)",informed,0.0018490852544771341,0.3919854329709909,0.0019602071526406807
10,2,1.0,shell(eps=2),oracle,0.039498841344149827,0.9999999999999999,0.15566621536665914
10,2,1.0,shell(eps=3),oracle,0.062186463592102004,0.47773667601688297,0.10365632838616087
10,2,1.0,shell(eps=4),oracle,0.0709445960836943,0.29778978289571106,0.07660597910775857
10,2,0.3,uniform,naive,0.0011356531391156777,0.0009776294972584022,7.748239597508003e-06
10,2,0.3,single-flip,local,2.136254387741232e-05,0.09985075362798988,0.0
10,2,0.3,add-delete-swap,local,1.8251284229942044e-05,0.06503152015511263,0.0
10,2,0.3,quench,quench,0.06748939582310409,0.08982088300053709,0.00016518532670765847
10,2,0.3,"demon(L=4,Td=1)",local,9.267716631489176e-05,0.11050210136689173,1.2789420919174553e-07
10,2,0.3,"demon(L=4,Td=8)",local,0.014816889797082622,0.2949108446271968,8.00137611721449e-06
10,2,0.3,"dlp(t=.5,a=3)",informed,3.6233000753060907e-06,0.29814550051786476,4.045172143210449e-06
10,2,0.3,"dlp(t=.05,a=3)",informed,0.01562304389413538,0.045618660865936994,2.6525679031282806e-05
10,2,0.3,"dlp(t=0,a=3)",naive,0.0021352393449999285,0.001837744094236065,9.586681381496298e-06
10,2,0.3,"softspin(c=.1,a=30)",informed,0.01360858857335756,0.013360803063102692,1.9096319825394617e-05
10,2,0.3,"softspin(c=1,a=30)",informed,0.0011562492003140967,0.29347021223037084,4.240053238619413e-06
10,2,0.3,shell(eps=2),oracle,0.10633781733711112,0.47630353671976333,0.0008555244617793363
10,2,0.3,shell(eps=3),oracle,0.1244295228331378,0.19190233801010212,0.0005043072331289506
10,2,0.3,shell(eps=4),oracle,0.08853272345212293,0.10632507643855924,0.00041005729083446396
10,2,0.1,uniform,naive,0.0009806045713091072,1.8405878449185026e-15,1.7162750255181842e-11
10,2,0.1,single-flip,local,6.482814285391214e-12,6.188622823028929e-14,0.0
10,2,0.1,add-delete-swap,local,5.4858340092778235e-12,4.0398053056684276e-14,0.0
10,2,0.1,quench,quench,0.07273537576711153,5.2216734757497403e-14,3.8123916417448835e-10
10,2,0.1,"demon(L=4,Td=1)",local,2.914879448923102e-11,3.0950557905016645e-14,7.825641671827485e-20
10,2,0.1,"demon(L=4,Td=8)",local,0.0004586704653927187,8.854237247603548e-14,9.640113451413355e-15
10,2,0.1,"dlp(t=.5,a=3)",informed,0.0,1.4758408963681599e-15,7.220091363932494e-16
10,2,0.1,"dlp(t=.05,a=3)",informed,0.0016365875174213507,5.91885816232248e-14,7.661329604927474e-12
10,2,0.1,"dlp(t=0,a=3)",naive,0.0018448510976540877,2.424981264787774e-15,2.193725231152681e-11
10,2,0.1,"softspin(c=.1,a=30)",informed,0.013404574736735508,9.409304168938776e-15,4.1830180957083324e-11
10,2,0.1,"softspin(c=1,a=30)",informed,0.00018726160567772432,1.535887433797847e-13,6.216980798400084e-14
10,2,0.1,shell(eps=2),oracle,0.1493406308028774,1.449231781102128e-13,2.1889322674005293e-09
10,2,0.1,shell(eps=3),oracle,0.13326521654522872,1.0546727014778806e-13,1.1706394471075753e-09
10,2,0.1,shell(eps=4),oracle,0.07724141818521879,8.318341798648166e-14,9.75056195648574e-10
10,3,1.0,uniform,naive,0.002286775528261953,0.0015342405813744788,0.0003295710220865168
10,3,1.0,single-flip,local,9.450304214719818e-05,0.10023429262162642,0.0
10,3,1.0,add-delete-swap,local,0.0004947466047202642,0.06305982778609998,0.0
10,3,1.0,quench,quench,0.05184428648127537,0.1495230490458996,0.006982978259875844
10,3,1.0,"demon(L=4,Td=1)",local,0.0004166555299415231,0.3289247963050559,0.007022617815511369
10,3,1.0,"demon(L=4,Td=8)",local,0.0018716409412675716,0.14477117647126464,0.010609901039721746
10,3,1.0,"dlp(t=.5,a=3)",informed,8.651071010912226e-05,0.23726844479666315,0.003615530479081095
10,3,1.0,"dlp(t=.05,a=3)",informed,0.002751213842660305,0.01221427239701713,0.0014223206280240515
10,3,1.0,"dlp(t=0,a=3)",naive,0.0040397118476892535,0.0026257460474842795,0.00042457349950679257
10,3,1.0,"softspin(c=.1,a=30)",informed,0.0014479762862720236,0.025163996696165248,0.0022932156129643194
10,3,1.0,"softspin(c=1,a=30)",informed,2.193113353354814e-05,0.38707066046098865,5.295980183855971e-05
10,3,1.0,shell(eps=2),oracle,0.0,1.0,0.0719653485936108
10,3,1.0,shell(eps=3),oracle,0.0538329240129376,0.3040493075355288,0.041368432144157544
10,3,1.0,shell(eps=4),oracle,0.060526778383091284,0.21824934859127962,0.03418602451313187
10,3,0.3,uniform,naive,0.0018102524805285736,0.0009774945897726716,1.6279889168795073e-06
10,3,0.3,single-flip,local,3.0440094889172542e-12,0.09997085957468563,0.0
10,3,0.3,add-delete-swap,local,9.818131692096443e-07,0.061536173647318594,0.0
10,3,0.3,quench,quench,0.04768186147326403,0.1420575801153591,3.87225981937504e-05
10,3,0.3,"demon(L=4,Td=1)",local,1.3829937195453113e-11,0.36757108160871477,2.561061613632174e-05
10,3,0.3,"demon(L=4,Td=8)",local,6.70472520836185e-07,0.27153193248249685,5.040514712798399e-05
10,3,0.3,"dlp(t=.5,a=3)",informed,8.504308368628699e-14,0.4414934114569496,1.4857277175611924e-07
10,3,0.3,"dlp(t=.05,a=3)",informed,6.870890300714194e-06,0.06487770480552749,2.9629237857839806e-05
10,3,0.3,"dlp(t=0,a=3)",naive,0.0033940880360634473,0.00183852035495458,2.1945613666711177e-06
10,3,0.3,"softspin(c=.1,a=30)",informed,0.00028596383145695903,0.020653905950830016,1.3857864151632037e-05
10,3,0.3,"softspin(c=1,a=30)",informed,1.9208317159069566e-09,0.40214084713437753,3.962572055077939e-07
10,3,0.3,shell(eps=2),oracle,0.0,0.9995193448020393,0.00041634077341909213
10,3,0.3,shell(eps=3),oracle,0.14715480349101862,0.2500335553515815,0.00023798506363012343
10,3,0.3,shell(eps=4),oracle,0.13721117112834513,0.16674582532004864,0.0002079560870572
10,3,0.1,uniform,naive,0.00158036993919064,0.0009765625004298111,7.991248948925043e-13
10,3,0.1,single-flip,local,0.0,0.09999999999067126,0.0
10,3,0.1,add-delete-swap,local,5.662137425588298e-15,0.06242147610255019,0.0
10,3,0.1,quench,quench,0.045105420574122146,0.14206675136474362,1.707770362291205e-11
10,3,0.1,"demon(L=4,Td=1)",local,0.0,0.30565371986769024,6.194996685550385e-12
10,3,0.1,"demon(L=4,Td=8)",local,1.5543122344752192e-15,0.36647485419476755,1.1714856222580111e-11
10,3,0.1,"dlp(t=.5,a=3)",informed,0.0,0.4450000615902796,5.466776072207627e-20
10,3,0.1,"dlp(t=.05,a=3)",informed,7.30526750203353e-14,0.2531777777979199,1.1233701489389377e-11
10,3,0.1,"dlp(t=0,a=3)",naive,0.0029732139811944336,0.0018372465886530682,1.077251826655204e-12
10,3,0.1,"softspin(c=.1,a=30)",informed,0.0002610763844748121,0.020519686974262447,6.941346653883657e-12
10,3,0.1,"softspin(c=1,a=30)",informed,1.5543122344752192e-15,0.39999627101532137,2.30890284836602e-13
10,3,0.1,shell(eps=2),oracle,0.0,0.9999999997799364,2.0457596459448137e-10
10,3,0.1,shell(eps=3),oracle,0.18691791979485284,0.2500000000157188,1.1690055301667713e-10
10,3,0.1,shell(eps=4),oracle,0.1552099403809133,0.16666666670334387,1.022879782716795e-10
