n,seed,T,variant,theta,cap,mc_draws,C_far_hat,C_J2_hat,mean_dH,mean_acc,frac_id
8,1,1.0,faithful,0.0,,10000,0.3433,0.4238,3.117938144329897,1.0,0.2725
8,1,1.0,theta=0.5,0.5,,10000,0.342,0.4439,3.025979381443299,0.9479003109575024,0.2725
8,1,1.0,theta=1.0,1.0,,10000,0.2048,0.3723,2.0435738831615122,0.38542426317211365,0.2725
8,1,1.0,theta=1.5,1.5,,10000,0.0,0.1993,1.3665979381443298,0.2934192796865501,0.2725
8,1,1.0,theta=2.0,2.0,,10000,0.0,0.2,1.3609621993127148,0.2915002478867817,0.2725
8,1,1.0,cap=2,0.0,2,10000,0.0,0.1221,1.7796563573883162,0.32063692155054224,0.2725
8,1,1.0,cap=3,0.0,3,10000,0.216,0.2965,2.4661168384879724,0.4703932861746317,0.2725
8,1,1.0,cap=5,0.0,5,10000,0.3424,0.4229,3.1124398625429555,0.9953777084390384,0.2725
8,1,0.3,faithful,0.0,,10000,0.4881,0.4911,3.9732197200243458,1.0,0.5071
8,1,0.3,theta=0.5,0.5,,10000,0.4881,0.4914,3.972611077297626,0.999396069997623,0.5071
8,1,0.3,theta=1.0,1.0,,10000,0.1891,0.2565,2.475349969567864,0.011569719058098919,0.5071
8,1,0.3,theta=1.5,1.5,,10000,0.0,0.068,1.4858997768310003,0.007511835771065876,0.5071
8,1,0.3,theta=2.0,2.0,,10000,0.0,0.068,1.4858997768310003,0.007511835771065876,0.5071
8,1,0.3,cap=2,0.0,2,10000,0.0,0.0036,1.9924934063704605,0.008115236371366368,0.5071
8,1,0.3,cap=3,0.0,3,10000,0.1892,0.1922,2.984378170014202,0.012173119670310335,0.5071
8,1,0.3,cap=5,0.0,5,10000,0.4881,0.4911,3.9732197200243458,1.0,0.5071
8,1,0.1,faithful,0.0,,10000,0.484,0.484,4.0,1.0,0.516
8,1,0.1,theta=0.5,0.5,,10000,0.484,0.484,4.0,1.0,0.516
8,1,0.1,theta=1.0,1.0,,10000,0.1804,0.2429,2.499586776859504,3.9764910832365568e-28,0.516
8,1,0.1,theta=1.5,1.5,,10000,0.0,0.0625,1.5039256198347108,9.949444775099797e-29,0.516
8,1,0.1,theta=2.0,2.0,,10000,0.0,0.0625,1.5039256198347108,9.949444775099797e-29,0.516
8,1,0.1,cap=2,0.0,2,10000,0.0,0.0,2.0,9.472236713238935e-44,0.516
8,1,0.1,cap=3,0.0,3,10000,0.1804,0.1804,3.0,2.981546843070614e-28,0.516
8,1,0.1,cap=5,0.0,5,10000,0.484,0.484,4.0,1.0,0.516
8,2,1.0,faithful,0.0,,10000,0.009,0.028,1.6542443064182195,1.0,0.6136
8,2,1.0,theta=0.5,0.5,,10000,0.0078,0.0268,1.6335403726708075,0.9931621089119819,0.6136
8,2,1.0,theta=1.0,1.0,,10000,0.0011,0.0661,1.1524327122153208,0.6582686433095176,0.6136
8,2,1.0,theta=1.5,1.5,,10000,0.0011,0.0662,1.1490683229813665,0.6580046258517472,0.6136
8,2,1.0,theta=2.0,2.0,,10000,0.0,0.0684,1.0323498964803313,0.6339427212839049,0.6136
8,2,1.0,cap=2,0.0,2,10000,0.0,0.0391,1.4055383022774328,0.8591234208673496,0.6136
8,2,1.0,cap=3,0.0,3,10000,0.0086,0.0276,1.5615942028985508,0.9379139807257036,0.6136
8,2,1.0,cap=5,0.0,5,10000,0.0092,0.0282,1.64648033126294,0.9953931464199173,0.6136
8,2,0.3,faithful,0.0,,10000,0.0,0.0,1.25,1.0,0.9988
8,2,0.3,theta=0.5,0.5,,10000,0.0,0.0,1.25,1.0,0.9988
8,2,0.3,theta=1.0,1.0,,10000,0.0,0.0001,1.0,0.7500033524225439,0.9988
8,2,0.3,theta=1.5,1.5,,10000,0.0,0.0001,1.0,0.7500033524225439,0.9988
8,2,0.3,theta=2.0,2.0,,10000,0.0,0.0001,1.0,0.7500033524225439,0.9988
8,2,0.3,cap=2,0.0,2,10000,0.0,0.0,1.25,1.0,0.9988
8,2,0.3,cap=3,0.0,3,10000,0.0,0.0,1.25,1.0,0.9988
8,2,0.3,cap=5,0.0,5,10000,0.0,0.0,1.25,1.0,0.9988
8,2,0.1,faithful,0.0,,10000,0.0,0.0,0.0,0.0,1.0
8,2,0.1,theta=0.5,0.5,,10000,0.0,0.0,0.0,0.0,1.0
8,2,0.1,theta=1.0,1.0,,10000,0.0,0.0,0.0,0.0,1.0
8,2,0.1,theta=1.5,1.5,,10000,0.0,0.0,0.0,0.0,1.0
8,2,0.1,theta=2.0,2.0,,10000,0.0,0.0,0.0,0.0,1.0
8,2,0.1,cap=2,0.0,2,10000,0.0,0.0,0.0,0.0,1.0
8,2,0.1,cap=3,0.0,3,10000,0.0,0.0,0.0,0.0,1.0
8,2,0.1,cap=5,0.0,5,10000,0.0,0.0,0.0,0.0,1.0
8,3,1.0,faithful,0.0,,10000,0.2973,0.4678,2.7024221453287196,1.0,0.3064
8,3,1.0,theta=0.5,0.5,,10000,0.2941,0.4766,2.6368223760092273,0.9773882455637558,0.3064
8,3,1.0,theta=1.0,1.0,,10000,0.2928,0.4895,2.3480392156862746,0.8491201918840977,0.3064
8,3,1.0,theta=1.5,1.5,,10000,0.2925,0.4894,2.3470299884659744,0.8489748251197629,0.3064
8,3,1.0,theta=2.0,2.0,,10000,0.0124,0.2312,1.2295271049596308,0.25679005346468986,0.3064
8,3,1.0,cap=2,0.0,2,10000,0.0,0.2786,1.7876297577854672,0.46016568128872887,0.3064
8,3,1.0,cap=3,0.0,3,10000,0.2913,0.4618,2.3461649365628605,0.8639721226394904,0.3064
8,3,1.0,cap=5,0.0,5,10000,0.3008,0.4713,2.591262975778547,0.9396753797544778,0.3064
8,3,0.3,faithful,0.0,,10000,0.2103,0.2191,2.9487063095778483,1.0,0.7797
8,3,0.3,theta=0.5,0.5,,10000,0.2103,0.2191,2.9487063095778483,1.0,0.7797
8,3,0.3,theta=1.0,1.0,,10000,0.2103,0.2191,2.946436677258284,0.9986559559168918,0.7797
8,3,0.3,theta=1.5,1.5,,10000,0.2103,0.2191,2.946436677258284,0.9986559559168918,0.7797
8,3,0.3,theta=2.0,2.0,,10000,0.0001,0.071,1.0013617793917386,0.008179549356289877,0.7797
8,3,0.3,cap=2,0.0,2,10000,0.0,0.0784,1.9918293236495688,0.04493872995313339,0.7797
8,3,0.3,cap=3,0.0,3,10000,0.2102,0.219,2.946890603722197,0.9986470882676286,0.7797
8,3,0.3,cap=5,0.0,5,10000,0.2103,0.2191,2.9487063095778483,1.0,0.7797
8,3,0.1,faithful,0.0,,10000,0.0052,0.0052,3.0,1.0,0.9948
8,3,0.1,theta=0.5,0.5,,10000,0.0052,0.0052,3.0,1.0,0.9948
8,3,0.1,theta=1.0,1.0,,10000,0.0052,0.0052,3.0,1.0,0.9948
8,3,0.1,theta=1.5,1.5,,10000,0.0052,0.0052,3.0,1.0,0.9948
8,3,0.1,theta=2.0,2.0,,10000,0.0,0.0019,1.0,1.3542708275921403e-24,0.9948
8,3,0.1,cap=2,0.0,2,10000,0.0,0.0017,2.0,2.7882043120874185e-24,0.9948
8,3,0.1,cap=3,0.0,3,10000,0.0052,0.0052,3.0,1.0,0.9948
8,3,0.1,cap=5,0.0,5,10000,0.0052,0.0052,3.0,1.0,0.9948
10,1,1.0,faithful,0.0,,10000,0.4724,0.5836,5.304828248858996,1.0,0.1674
10,1,1.0,theta=0.5,0.5,,10000,0.4727,0.5905,5.264592841700696,0.980160971977861,0.1674
10,1,1.0,theta=1.0,1.0,,10000,0.1178,0.2556,2.9567619505164546,0.2892624024267215,0.1674
10,1,1.0,theta=1.5,1.5,,10000,0.1011,0.2718,1.5515253423012252,0.2601081106534614,0.1674
10,1,1.0,theta=2.0,2.0,,10000,0.1006,0.272,1.527744415085275,0.2555952962568239,0.1674
10,1,1.0,cap=2,0.0,2,10000,0.0,0.1497,1.8783329329810232,0.2086629864714472,0.1674
10,1,1.0,cap=3,0.0,3,10000,0.1646,0.2758,2.676315157338458,0.378740247140913,0.1674
10,1,1.0,cap=5,0.0,5,10000,0.1619,0.2731,3.9274561614220516,0.499907016875245,0.1674
10,1,0.3,faithful,0.0,,10000,0.4831,0.4998,6.8084,1.0,0.5
10,1,0.3,theta=0.5,0.5,,10000,0.4831,0.4998,6.8084,1.0,0.5
10,1,0.3,theta=1.0,1.0,,10000,0.0162,0.0317,2.8446,0.05540115014812616,0.5
10,1,0.3,theta=1.5,1.5,,10000,0.0162,0.0661,1.133,0.05540115198209217,0.5
10,1,0.3,theta=2.0,2.0,,10000,0.0162,0.0661,1.1326,0.05540115198209217,0.5
10,1,0.3,cap=2,0.0,2,10000,0.0,0.017,1.9768,0.03360000000009121,0.5
10,1,0.3,cap=3,0.0,3,10000,0.025,0.0417,2.9432,0.06880554350634654,0.5
10,1,0.3,cap=5,0.0,5,10000,0.0199,0.0366,4.8116,0.07340000000097292,0.5
10,1,0.1,faithful,0.0,,10000,0.275,0.275,7.0,1.0,0.725
10,1,0.1,theta=0.5,0.5,,10000,0.275,0.275,7.0,1.0,0.725
10,1,0.1,theta=1.0,1.0,,10000,0.0,0.0,2.688727272727273,5.76773448197749e-35,0.725
10,1,0.1,theta=1.5,1.5,,10000,0.0,0.0193,1.0,1.3501203271224508e-31,0.725
10,1,0.1,theta=2.0,2.0,,10000,0.0,0.0193,1.0,1.3501203271224508e-31,0.725
10,1,0.1,cap=2,0.0,2,10000,0.0,0.0,2.0,8.487944980198465e-53,0.725
10,1,0.1,cap=3,0.0,3,10000,0.0,0.0,3.0,1.2279380577884617e-71,0.725
10,1,0.1,cap=5,0.0,5,10000,0.0,0.0,5.0,4.2413456412069023e-60,0.725
10,2,1.0,faithful,0.0,,10000,0.0314,0.4156,1.754730302174527,1.0,0.2918
10,2,1.0,theta=0.5,0.5,,10000,0.0278,0.431,1.699519909630048,0.9727465113723075,0.2918
10,2,1.0,theta=1.0,1.0,,10000,0.0076,0.4874,1.3428410053657158,0.753344596430838,0.2918
10,2,1.0,theta=1.5,1.5,,10000,0.0003,0.5161,1.1263767297373624,0.652131011031385,0.2918
10,2,1.0,theta=2.0,2.0,,10000,0.0,0.495,1.0043772945495624,0.5909201286711488,0.2918
10,2,1.0,cap=2,0.0,2,10000,0.0,0.4237,1.4582038972041795,0.8170352144460473,0.2918
10,2,1.0,cap=3,0.0,3,10000,0.0253,0.4095,1.6557469641344253,0.9327170844840137,0.2918
10,2,1.0,cap=5,0.0,5,10000,0.0308,0.415,1.7496469923750353,0.9965920426035221,0.2918
10,2,0.3,faithful,0.0,,10000,0.0,0.2414,1.0061932287365813,1.0,0.7578
10,2,0.3,theta=0.5,0.5,,10000,0.0,0.2414,1.0061932287365813,1.0,0.7578
10,2,0.3,theta=1.0,1.0,,10000,0.0,0.2415,1.004128819157721,0.9983488674784595,0.7578
10,2,0.3,theta=1.5,1.5,,10000,0.0,0.2417,1.0016515276630884,0.9966973331248019,0.7578
10,2,0.3,theta=2.0,2.0,,10000,0.0,0.2416,1.0,0.9950458054617761,0.7578
10,2,0.3,cap=2,0.0,2,10000,0.0,0.2414,1.004954582989265,0.9987613614178351,0.7578
10,2,0.3,cap=3,0.0,3,10000,0.0,0.2414,1.0061932287365813,1.0,0.7578
10,2,0.3,cap=5,0.0,5,10000,0.0,0.2414,1.0061932287365813,1.0,0.7578
10,2,0.1,faithful,0.0,,10000,0.0,0.0081,1.0,1.0,0.9919
10,2,0.1,theta=0.5,0.5,,10000,0.0,0.0081,1.0,1.0,0.9919
10,2,0.1,theta=1.0,1.0,,10000,0.0,0.0081,1.0,1.0,0.9919
10,2,0.1,theta=1.5,1.5,,10000,0.0,0.0081,1.0,1.0,0.9919
10,2,0.1,theta=2.0,2.0,,10000,0.0,0.0081,1.0,1.0,0.9919
10,2,0.1,cap=2,0.0,2,10000,0.0,0.0081,1.0,1.0,0.9919
10,2,0.1,cap=3,0.0,3,10000,0.0,0.0081,1.0,1.0,0.9919
10,2,0.1,cap=5,0.0,5,10000,0.0,0.0081,1.0,1.0,0.9919
10,3,1.0,faithful,0.0,,10000,0.0058,0.3657,1.2635062336462983,1.0,0.3503
10,3,1.0,theta=0.5,0.5,,10000,0.0001,0.4266,1.0235493304602123,0.9233891920744645,0.3503
10,3,1.0,theta=1.0,1.0,,10000,0.0,0.4253,1.0156995536401416,0.9183584543180245,0.3503
10,3,1.0,theta=1.5,1.5,,10000,0.0,0.4261,1.0055410189318146,0.9156951219641287,0.3503
10,3,1.0,theta=2.0,2.0,,10000,0.0,0.4262,1.0027705094659074,0.9156950160143082,0.3503
10,3,1.0,cap=2,0.0,2,10000,0.0,0.3633,1.238879482838233,0.989525972987699,0.3503
10,3,1.0,cap=3,0.0,3,10000,0.0059,0.3658,1.2542712020932738,0.9978483602844136,0.3503
10,3,1.0,cap=5,0.0,5,10000,0.0058,0.3657,1.2582730490995844,0.9984608281310345,0.3503
10,3,0.3,faithful,0.0,,10000,0.0,0.5007,1.001195219123506,1.0,0.498
10,3,0.3,theta=0.5,0.5,,10000,0.0,0.501,1.0,0.9992298743497087,0.498
10,3,0.3,theta=1.0,1.0,,10000,0.0,0.501,1.0,0.9992298743497087,0.498
10,3,0.3,theta=1.5,1.5,,10000,0.0,0.501,1.0,0.9992298743497087,0.498
10,3,0.3,theta=2.0,2.0,,10000,0.0,0.501,1.0,0.9992298743497087,0.498
10,3,0.3,cap=2,0.0,2,10000,0.0,0.5007,1.001195219123506,1.0,0.498
10,3,0.3,cap=3,0.0,3,10000,0.0,0.5007,1.001195219123506,1.0,0.498
10,3,0.3,cap=5,0.0,5,10000,0.0,0.5007,1.001195219123506,1.0,0.498
10,3,0.1,faithful,0.0,,10000,0.0,0.4712,1.0,1.0,0.5288
10,3,0.1,theta=0.5,0.5,,10000,0.0,0.4712,1.0,1.0,0.5288
10,3,0.1,theta=1.0,1.0,,10000,0.0,0.4712,1.0,1.0,0.5288
10,3,0.1,theta=1.5,1.5,,10000,0.0,0.4712,1.0,1.0,0.5288
10,3,0.1,theta=2.0,2.0,,10000,0.0,0.4712,1.0,1.0,0.5288
10,3,0.1,cap=2,0.0,2,10000,0.0,0.4712,1.0,1.0,0.5288
10,3,0.1,cap=3,0.0,3,10000,0.0,0.4712,1.0,1.0,0.5288
10,3,0.1,cap=5,0.0,5,10000,0.0,0.4712,1.0,1.0,0.5288
