n,seed,T_factor,chain,n_atoms,ess_total,ess_per_sec,ess_per_step,rhat,wall_s,acc_local,acc_portal
12,1,0.55,portal-quench,1024,1329.881789,578.635263,0.016624,1.002625,2.298308,0.208661,0.038515
12,1,0.55,portal-solver,486,1977.651402,980.241318,0.024721,1.003015,2.017515,0.209672,0.07485
12,1,0.55,portal-pticm,1024,1474.312247,567.323683,0.018429,1.001161,2.598714,0.207187,0.033036
12,1,0.55,portal-greedy,8,2055.191622,1427.088151,0.02569,1.002715,1.440129,0.20696,0.0783
12,1,0.55,local-MH,0,1355.44604,1424.501664,0.016943,1.002913,0.951523,0.208681,0.0
12,1,0.55,PT-ICM,0,636.220519,721.396657,0.011045,1.002077,0.881929,-1,-1
12,1,0.35,portal-quench,1024,1895.60395,708.549064,0.023695,1.004051,2.675332,0.12006,0.006589
12,1,0.35,portal-solver,379,1934.187821,1021.163808,0.024177,1.001503,1.894101,0.11958,0.017696
12,1,0.35,portal-pticm,637,1847.764695,917.892776,0.023097,1.002412,2.013051,0.119643,0.010824
12,1,0.35,portal-greedy,8,2204.398594,1493.004136,0.027555,1.001366,1.476485,0.119952,0.058013
12,1,0.35,local-MH,0,2175.352785,2773.714929,0.027192,1.004232,0.784274,0.119831,0.0
12,1,0.35,PT-ICM,0,353.29435,536.030236,0.006134,1.001289,0.659094,-1,-1
12,2,0.55,portal-quench,1024,2687.813418,1023.274613,0.033598,1.003418,2.626678,0.093154,0.005224
12,2,0.55,portal-solver,589,2745.004363,1139.995227,0.034313,1.002287,2.407909,0.092553,0.008281
12,2,0.55,portal-pticm,749,1949.680076,892.064114,0.024371,1.004353,2.185583,0.092955,0.007414
12,2,0.55,portal-greedy,5,2798.14709,2393.3699,0.034977,1.001069,1.169124,0.092954,0.102951
12,2,0.55,local-MH,0,2965.279106,3118.255301,0.037066,1.002126,0.950942,0.092875,0.0
12,2,0.55,PT-ICM,0,388.70005,417.271138,0.006748,1.01484,0.931529,-1,-1
12,2,0.35,portal-quench,1024,3224.794064,1318.227116,0.04031,1.000824,2.446311,0.051155,0.002302
12,2,0.35,portal-solver,218,3282.999084,2147.957894,0.041037,1.001381,1.528428,0.051218,0.007851
12,2,0.35,portal-pticm,314,3180.794582,1821.678893,0.03976,1.001027,1.746079,0.051336,0.006776
12,2,0.35,portal-greedy,5,3459.051526,2235.292499,0.043238,1.000747,1.547472,0.051257,0.10559
12,2,0.35,local-MH,0,3203.791113,3362.471009,0.040047,1.000915,0.952809,0.059906,0.0
12,2,0.35,PT-ICM,0,314.983094,363.436627,0.005468,1.199673,0.86668,-1,-1
12,3,0.55,portal-quench,1024,2144.025829,1104.142127,0.0268,1.002932,1.941802,0.06339,0.003487
12,3,0.55,portal-solver,409,2168.629454,1543.190337,0.027108,1.001897,1.40529,0.063849,0.00767
12,3,0.55,portal-pticm,767,2499.396408,1449.065854,0.031242,1.001814,1.724833,0.063219,0.004425
12,3,0.55,portal-greedy,6,2187.892378,2043.721688,0.027349,1.00269,1.070543,0.064394,0.091359
12,3,0.55,local-MH,0,2161.948198,2947.757908,0.027024,1.002838,0.733421,0.063988,0.0
12,3,0.55,PT-ICM,0,518.594912,772.155617,0.009003,1.006775,0.67162,-1,-1
12,3,0.35,portal-quench,1024,3125.067869,1289.972242,0.039063,1.001209,2.422585,0.027347,0.001615
12,3,0.35,portal-solver,368,3083.627054,1584.361449,0.038545,1.001277,1.94629,0.027374,0.002978
12,3,0.35,portal-pticm,265,3148.970017,1924.47331,0.039362,1.001155,1.636276,0.027241,0.004166
12,3,0.35,portal-greedy,6,3677.580269,3033.778694,0.04597,1.000892,1.212211,0.027089,0.094049
12,3,0.35,local-MH,0,2302.779274,2378.045817,0.028785,3.675555,0.968349,0.048944,0.0
12,3,0.35,PT-ICM,0,376.536082,430.482654,0.006537,1.125185,0.874684,-1,-1
16,1,0.55,portal-quench,316,733.639707,421.038549,0.00917,1.002434,1.742453,0.231906,0.01222
16,1,0.55,portal-solver,444,1622.353288,752.213899,0.020279,1.003958,2.156771,0.234007,0.244926
16,1,0.55,portal-pticm,1024,839.690791,353.741804,0.010496,1.005079,2.373739,0.232705,0.02857
16,1,0.55,portal-greedy,34,1260.025971,824.27244,0.01575,1.003004,1.528652,0.232138,0.096332
16,1,0.55,local-MH,0,937.569778,988.163711,0.01172,1.004124,0.9488,0.233944,0.0
16,1,0.55,PT-ICM,0,656.706075,642.205485,0.008551,1.001344,1.022579,-1,-1
16,1,0.35,portal-quench,330,557.501569,314.164949,0.006969,1.010872,1.774551,0.128283,0.024093
16,1,0.35,portal-solver,121,1296.782648,845.664141,0.01621,1.005611,1.533449,0.124717,0.158843
16,1,0.35,portal-pticm,1024,633.848982,248.762672,0.007923,1.016145,2.548007,0.127064,0.020623
16,1,0.35,portal-greedy,34,885.308893,582.012077,0.011066,1.002628,1.521118,0.126461,0.038598
16,1,0.35,local-MH,0,373.978463,376.897092,0.004675,1.073142,0.992256,0.126531,0.0
16,1,0.35,PT-ICM,0,520.398405,469.646934,0.006776,1.005712,1.108063,-1,-1
16,2,0.55,portal-quench,295,1526.111084,885.213461,0.019076,1.001478,1.724003,0.202231,0.051008
16,2,0.55,portal-solver,254,1749.134862,1173.373104,0.021864,1.001706,1.490689,0.201285,0.308609
16,2,0.55,portal-pticm,1024,1435.491777,564.681211,0.017944,1.003292,2.542128,0.202428,0.042314
16,2,0.55,portal-greedy,29,2139.838956,1443.244211,0.026748,1.001213,1.482659,0.203025,0.136741
16,2,0.55,local-MH,0,1238.451599,1406.068625,0.015481,1.002045,0.88079,0.203612,0.0
16,2,0.55,PT-ICM,0,627.724105,604.769128,0.008173,0.999992,1.037957,-1,-1
16,2,0.35,portal-quench,317,412.649064,236.446008,0.005158,1.017119,1.745215,0.11517,0.002499
16,2,0.35,portal-solver,54,1364.928104,959.846697,0.017062,1.002498,1.422027,0.117165,0.323531
16,2,0.35,portal-pticm,1024,459.413901,206.706518,0.005743,1.00433,2.222542,0.116529,0.034405
16,2,0.35,portal-greedy,29,1146.997383,1005.83983,0.014337,1.002112,1.140338,0.1173,0.11397
16,2,0.35,local-MH,0,386.011105,544.608501,0.004825,1.001699,0.708786,0.115069,0.0
16,2,0.35,PT-ICM,0,627.475035,719.05958,0.00817,0.999697,0.872633,-1,-1
16,3,0.55,portal-quench,243,573.948219,324.280676,0.007174,1.005668,1.769912,0.107234,0.01791
16,3,0.55,portal-solver,153,1086.89393,634.023815,0.013586,1.002751,1.714279,0.105268,0.064377
16,3,0.55,portal-pticm,1024,439.479633,164.45927,0.005493,1.020018,2.67227,0.106969,0.011683
16,3,0.55,portal-greedy,17,813.097794,547.46436,0.010164,1.005277,1.485207,0.105957,0.033558
16,3,0.55,local-MH,0,623.575342,668.531029,0.007795,1.013686,0.932755,0.105913,0.0
16,3,0.55,PT-ICM,0,609.031676,551.443604,0.00793,1.002956,1.104431,-1,-1
16,3,0.35,portal-quench,168,1863.375732,1083.17377,0.023292,1.002253,1.720293,0.080304,0.013659
16,3,0.35,portal-solver,75,1702.455659,1060.533476,0.021281,1.004095,1.605282,0.080383,0.033802
16,3,0.35,portal-pticm,617,1716.673511,760.390408,0.021458,1.012691,2.257621,0.0797,0.004355
16,3,0.35,portal-greedy,17,2253.179798,1537.788982,0.028165,1.0023,1.465207,0.080059,0.01867
16,3,0.35,local-MH,0,1619.420568,1629.231343,0.020243,1.005823,0.993978,0.077931,0.0
16,3,0.35,PT-ICM,0,382.138255,343.45817,0.004976,1.017333,1.112619,-1,-1
20,1,0.55,portal-quench,64,495.865522,307.692173,0.006198,1.007148,1.611564,0.129015,0.001261
20,1,0.55,portal-solver,1,512.926668,301.019958,0.006412,1.042099,1.703962,0.126077,0.298501
20,1,0.55,portal-pticm,1024,452.232581,154.550371,0.005653,1.010003,2.926118,0.127551,0.004669
20,1,0.55,portal-greedy,34,551.797812,339.320735,0.006897,1.012525,1.626184,0.130151,0.029381
20,1,0.55,local-MH,0,391.448949,407.180118,0.004893,1.010766,0.961366,0.123631,0.0
20,1,0.55,PT-ICM,0,477.194167,346.589135,0.004971,1.000556,1.37683,-1,-1
20,1,0.35,portal-quench,64,780.901299,476.73312,0.009761,1.004898,1.638026,0.039671,0.0
20,1,0.35,portal-solver,1,1592.198713,1073.860809,0.019902,1.013684,1.482686,0.040535,0.542663
20,1,0.35,portal-pticm,1024,1667.707014,580.582185,0.020846,1.003204,2.872474,0.038524,0.003627
20,1,0.35,portal-greedy,34,882.338878,525.997529,0.011029,1.003148,1.677458,0.039904,0.01807
20,1,0.35,local-MH,0,590.154266,593.942586,0.007377,1.018126,0.993622,0.038625,0.0
20,1,0.35,PT-ICM,0,471.697883,334.47599,0.004914,1.003405,1.410259,-1,-1
20,2,0.55,portal-quench,64,624.530833,411.408615,0.007807,1.005516,1.518031,0.16247,0.00413
20,2,0.55,portal-solver,6,862.904119,621.817976,0.010786,1.011521,1.387712,0.164434,0.161132
20,2,0.55,portal-pticm,1024,500.778275,194.409457,0.00626,1.005616,2.575895,0.162481,0.006829
20,2,0.55,portal-greedy,35,1238.548189,841.850701,0.015482,1.002887,1.471221,0.163033,0.085077
20,2,0.55,local-MH,0,718.500194,756.549549,0.008981,1.006962,0.949707,0.164175,0.0
20,2,0.55,PT-ICM,0,759.865634,556.99217,0.007915,1.005925,1.36423,-1,-1
20,2,0.35,portal-quench,64,410.839465,291.840794,0.005135,1.100542,1.407752,0.091671,0.000376
20,2,0.35,portal-solver,12,317.017335,238.982781,0.003963,1.020414,1.326528,0.083819,0.091843
20,2,0.35,portal-pticm,1024,319.188394,132.807227,0.00399,1.010364,2.403396,0.08981,0.023038
20,2,0.35,portal-greedy,35,740.129557,524.181952,0.009252,1.005259,1.411971,0.089359,0.068919
20,2,0.35,local-MH,0,268.549106,283.67808,0.003357,1.081484,0.946669,0.090619,0.0
20,2,0.35,PT-ICM,0,492.773559,418.900698,0.005133,0.996894,1.176349,-1,-1
20,3,0.55,portal-quench,64,277.72542,244.771952,0.003472,1.014487,1.134629,0.192099,0.0
20,3,0.55,portal-solver,25,304.801354,277.372687,0.00381,1.013859,1.098887,0.190441,0.199015
20,3,0.55,portal-pticm,1024,402.473232,194.789517,0.005031,1.014048,2.066196,0.191967,0.010419
20,3,0.55,portal-greedy,80,690.596028,577.033426,0.008632,1.009108,1.196804,0.188741,0.095984
20,3,0.55,local-MH,0,293.930399,394.412798,0.003674,1.010162,0.745235,0.190137,0.0
20,3,0.55,PT-ICM,0,761.555206,731.436587,0.007933,0.997699,1.041177,-1,-1
20,3,0.35,portal-quench,64,747.320988,469.670923,0.009342,1.041873,1.591159,0.111961,0.0
20,3,0.35,portal-solver,48,599.578693,396.782732,0.007495,1.071868,1.511101,0.115207,0.137712
20,3,0.35,portal-pticm,1024,339.418973,128.530228,0.004243,1.045868,2.640772,0.111757,0.01136
20,3,0.35,portal-greedy,80,420.689674,328.40231,0.005259,1.004376,1.281019,0.110783,0.051863
20,3,0.35,local-MH,0,543.653337,780.54768,0.006796,1.025107,0.696502,0.108787,0.0
20,3,0.35,PT-ICM,0,549.798233,522.188151,0.005727,1.009934,1.052874,-1,-1
